Organisation,Busienss_Area,Portfolio,Project_ID,Person ID,Risk_Type
ORG_001,BA_001,Portfolio_001,Project_001,Person_001,1. Business Strategy and Objectives
ORG_002,BA_002,Portfolio_002,Project_002,Person_002,2. Bid Management
ORG_003,BA_003,Portfolio_003,Project_003,Person_003,3. Competitors
ORG_004,BA_004,Portfolio_004,Project_004,Person_004,4. Customers
ORG_005,BA_005,Portfolio_005,Project_005,Person_005,5. Project Management
,BA_006,Portfolio_006,Project_006,Person_006,6. Contractual/Legal
,BA_007,Portfolio_007,Project_007,Person_007,7. Finance
,BA_008,Portfolio_008,Project_008,Person_008,8. System Engineering
,,Portfolio_009,Project_009,Person_009,9. Hardware/Software development
,,Portfolio_010,Project_010,Person_010,"10. System Integration, Verification & Validation"
,,Portfolio_011,Project_011,Person_011,11. Supply chain
,,Portfolio_012,Project_012,Person_012,12. Acquisition and offsets
,,Portfolio_013,Project_013,Person_013,13. Logistic support and Services
,,Portfolio_014,Project_014,Person_014,14. Other Risks and Contingencies
,,Portfolio_015,Project_015,Person_015,
,,Portfolio_016,Project_016,Person_016,
,,Portfolio_017,Project_017,Person_017,
,,Portfolio_018,Project_018,Person_018,
,,Portfolio_019,Project_019,Person_019,
,,Portfolio_020,Project_020,Person_020,
,,Portfolio_021,Project_021,Person_021,
,,Portfolio_022,Project_022,Person_022,
,,,Project_023,Person_023,
,,,Project_024,Person_024,
,,,Project_025,Person_025,
,,,Project_026,Person_026,
,,,Project_027,Person_027,
,,,Project_028,Person_028,
,,,Project_029,Person_029,
,,,Project_030,Person_030,
,,,Project_031,Person_031,
,,,Project_032,Person_032,
,,,Project_033,Person_033,
,,,Project_034,Person_034,
,,,Project_035,Person_035,
,,,Project_036,Person_036,
,,,Project_037,Person_037,
,,,Project_038,Person_038,
,,,Project_039,Person_039,
,,,Project_040,Person_040,
,,,Project_041,Person_041,
,,,Project_042,Person_042,
,,,Project_043,Person_043,
,,,Project_044,Person_044,
,,,Project_045,Person_045,
,,,Project_046,Person_046,
,,,Project_047,Person_047,
,,,Project_048,Person_048,
,,,Project_049,Person_049,
,,,Project_050,Person_050,
,,,Project_051,Person_051,
,,,Project_052,Person_052,
,,,Project_053,Person_053,
,,,Project_054,Person_054,
,,,Project_055,Person_055,
,,,Project_056,Person_056,
,,,Project_057,Person_057,
,,,Project_058,Person_058,
,,,Project_059,Person_059,
,,,Project_060,Person_060,
,,,Project_061,Person_061,
,,,Project_062,Person_062,
,,,Project_063,Person_063,
,,,Project_064,Person_064,
,,,Project_065,Person_065,
,,,Project_066,Person_066,
,,,Project_067,Person_067,
,,,Project_068,Person_068,
,,,Project_069,Person_069,
,,,Project_070,Person_070,
,,,Project_071,Person_071,
,,,Project_072,Person_072,
,,,Project_073,Person_073,
,,,Project_074,Person_074,
,,,Project_075,Person_075,
,,,Project_076,Person_076,
,,,Project_077,Person_077,
,,,Project_078,Person_078,
,,,Project_079,Person_079,
,,,Project_080,Person_080,
,,,Project_081,Person_081,
,,,Project_082,Person_082,
,,,Project_083,Person_083,
,,,Project_084,Person_084,
,,,Project_085,Person_085,
,,,Project_086,Person_086,
,,,Project_087,Person_087,
,,,Project_088,Person_088,
,,,Project_089,Person_089,
,,,Project_090,Person_090,
,,,Project_091,Person_091,
,,,Project_092,Person_092,
,,,Project_093,Person_093,
,,,Project_094,Person_094,
,,,Project_095,Person_095,
,,,Project_096,Person_096,
,,,Project_097,Person_097,
,,,Project_098,Person_098,
,,,Project_099,Person_099,
,,,Project_100,Person_100,
,,,,Person_101,
,,,,Person_102,
,,,,Person_103,
,,,,Person_104,
,,,,Person_105,
,,,,Person_106,
,,,,Person_107,
,,,,Person_108,
,,,,Person_109,
,,,,Person_110,
,,,,Person_111,
,,,,Person_112,
,,,,Person_113,
,,,,Person_114,
,,,,Person_115,
,,,,Person_116,
,,,,Person_117,
,,,,Person_118,
,,,,Person_119,
,,,,Person_120,
,,,,Person_121,
,,,,Person_122,
,,,,Person_123,
,,,,Person_124,
,,,,Person_125,
,,,,Person_126,
,,,,Person_127,
,,,,Person_128,
,,,,Person_129,
,,,,Person_130,
,,,,Person_131,
,,,,Person_132,
,,,,Person_133,
,,,,Person_134,
,,,,Person_135,
,,,,Person_136,
,,,,Person_137,
,,,,Person_138,
,,,,Person_139,
,,,,Person_140,
,,,,Person_141,
,,,,Person_142,
,,,,Person_143,
,,,,Person_144,
,,,,Person_145,
,,,,Person_146,
,,,,Person_147,
,,,,Person_148,
,,,,Person_149,
,,,,Person_150,
,,,,Person_151,
,,,,Person_152,
,,,,Person_153,
,,,,Person_154,
,,,,Person_155,
,,,,Person_156,
,,,,Person_157,
,,,,Person_158,
,,,,Person_159,
,,,,Person_160,
,,,,Person_161,
,,,,Person_162,
,,,,Person_163,
,,,,Person_164,
,,,,Person_165,
,,,,Person_166,
,,,,Person_167,
,,,,Person_168,
,,,,Person_169,
,,,,Person_170,
,,,,Person_171,
,,,,Person_172,
,,,,Person_173,
,,,,Person_174,
,,,,Person_175,
,,,,Person_176,
,,,,Person_177,
,,,,Person_178,
,,,,Person_179,
,,,,Person_180,
,,,,Person_181,
,,,,Person_182,
,,,,Person_183,
,,,,Person_184,
,,,,Person_185,
,,,,Person_186,
,,,,Person_187,
,,,,Person_188,
,,,,Person_189,
,,,,Person_190,
,,,,Person_191,
,,,,Person_192,
,,,,Person_193,
,,,,Person_194,
,,,,Person_195,
,,,,Person_196,
,,,,Person_197,
,,,,Person_198,
,,,,Person_199,
,,,,Person_200,
,,,,Person_201,
,,,,Person_202,
,,,,Person_203,
,,,,Person_204,
,,,,Person_205,
,,,,Person_206,
,,,,Person_207,
,,,,Person_208,
,,,,Person_209,
,,,,Person_210,
,,,,Person_211,
,,,,Person_212,
,,,,Person_213,
,,,,Person_214,
,,,,Person_215,
,,,,Person_216,
,,,,Person_217,
,,,,Person_218,
,,,,Person_219,
,,,,Person_220,
,,,,Person_221,
,,,,Person_222,
,,,,Person_223,
,,,,Person_224,
,,,,Person_225,
,,,,Person_226,
,,,,Person_227,
,,,,Person_228,
,,,,Person_229,
,,,,Person_230,
,,,,Person_231,
,,,,Person_232,
,,,,Person_233,
,,,,Person_234,
,,,,Person_235,
,,,,Person_236,
,,,,Person_237,
,,,,Person_238,
,,,,Person_239,
,,,,Person_240,
,,,,Person_241,
,,,,Person_242,
,,,,Person_243,
,,,,Person_244,
,,,,Person_245,
,,,,Person_246,
,,,,Person_247,
,,,,Person_248,
,,,,Person_249,
,,,,Person_250,
,,,,Person_251,
,,,,Person_252,
,,,,Person_253,
,,,,Person_254,
,,,,Person_255,
,,,,Person_256,
,,,,Person_257,
,,,,Person_258,
,,,,Person_259,
,,,,Person_260,
,,,,Person_261,
,,,,Person_262,
,,,,Person_263,
,,,,Person_264,
,,,,Person_265,
,,,,Person_266,
,,,,Person_267,
,,,,Person_268,
,,,,Person_269,
,,,,Person_270,
,,,,Person_271,
,,,,Person_272,
,,,,Person_273,
,,,,Person_274,
,,,,Person_275,
,,,,Person_276,
,,,,Person_277,
,,,,Person_278,
,,,,Person_279,
,,,,Person_280,
,,,,Person_281,
,,,,Person_282,
,,,,Person_283,
,,,,Person_284,
,,,,Person_285,
,,,,Person_286,
,,,,Person_287,
,,,,Person_288,
,,,,Person_289,
,,,,Person_290,
,,,,Person_291,
,,,,Person_292,
,,,,Person_293,
,,,,Person_294,
,,,,Person_295,
,,,,Person_296,
,,,,Person_297,
,,,,Person_298,
,,,,Person_299,
,,,,Person_300,
,,,,Person_301,
,,,,Person_302,
,,,,Person_303,
,,,,Person_304,
,,,,Person_305,
,,,,Person_306,
,,,,Person_307,
,,,,Person_308,
,,,,Person_309,
,,,,Person_310,
,,,,Person_311,
,,,,Person_312,
,,,,Person_313,
,,,,Person_314,
,,,,Person_315,
,,,,Person_316,
,,,,Person_317,
,,,,Person_318,
,,,,Person_319,
,,,,Person_320,
,,,,Person_321,
,,,,Person_322,
,,,,Person_323,
,,,,Person_324,
,,,,Person_325,
,,,,Person_326,
,,,,Person_327,
,,,,Person_328,
,,,,Person_329,
,,,,Person_330,
,,,,Person_331,
,,,,Person_332,
,,,,Person_333,
,,,,Person_334,
,,,,Person_335,
,,,,Person_336,
,,,,Person_337,
,,,,Person_338,
,,,,Person_339,
,,,,Person_340,
,,,,Person_341,
,,,,Person_342,
,,,,Person_343,
,,,,Person_344,
,,,,Person_345,
,,,,Person_346,
,,,,Person_347,
,,,,Person_348,
,,,,Person_349,
,,,,Person_350,
,,,,Person_351,
,,,,Person_352,
,,,,Person_353,
,,,,Person_354,
,,,,Person_355,
,,,,Person_356,
,,,,Person_357,
,,,,Person_358,
,,,,Person_359,
,,,,Person_360,
,,,,Person_361,
,,,,Person_362,
,,,,Person_363,
,,,,Person_364,
,,,,Person_365,
,,,,Person_366,
,,,,Person_367,
,,,,Person_368,
,,,,Person_369,
,,,,Person_370,
,,,,Person_371,
,,,,Person_372,
,,,,Person_373,
,,,,Person_374,
,,,,Person_375,
,,,,Person_376,
,,,,Person_377,
,,,,Person_378,
,,,,Person_379,
,,,,Person_380,
,,,,Person_381,
,,,,Person_382,
,,,,Person_383,
,,,,Person_384,
,,,,Person_385,
,,,,Person_386,
,,,,Person_387,
,,,,Person_388,
,,,,Person_389,
,,,,Person_390,
,,,,Person_391,
,,,,Person_392,
,,,,Person_393,
,,,,Person_394,
,,,,Person_395,
,,,,Person_396,
,,,,Person_397,
,,,,Person_398,
,,,,Person_399,
,,,,Person_400,
,,,,Person_401,
,,,,Person_402,
,,,,Person_403,
,,,,Person_404,
,,,,Person_405,
,,,,Person_406,
,,,,Person_407,
,,,,Person_408,
,,,,Person_409,
,,,,Person_410,
,,,,Person_411,
,,,,Person_412,
,,,,Person_413,
,,,,Person_414,
,,,,Person_415,
,,,,Person_416,
,,,,Person_417,
,,,,Person_418,
,,,,Person_419,
,,,,Person_420,
,,,,Person_421,
,,,,Person_422,
,,,,Person_423,
,,,,Person_424,
,,,,Person_425,
,,,,Person_426,
,,,,Person_427,
,,,,Person_428,
,,,,Person_429,
,,,,Person_430,
,,,,Person_431,
,,,,Person_432,
,,,,Person_433,
,,,,Person_434,
,,,,Person_435,
,,,,Person_436,
,,,,Person_437,
,,,,Person_438,
,,,,Person_439,
,,,,Person_440,
,,,,Person_441,
,,,,Person_442,
,,,,Person_443,
,,,,Person_444,
,,,,Person_445,
,,,,Person_446,
,,,,Person_447,
,,,,Person_448,
,,,,Person_449,
,,,,Person_450,
,,,,Person_451,
,,,,Person_452,
,,,,Person_453,
,,,,Person_454,
,,,,Person_455,
,,,,Person_456,
,,,,Person_457,
,,,,Person_458,
,,,,Person_459,
,,,,Person_460,
,,,,Person_461,
,,,,Person_462,
,,,,Person_463,
,,,,Person_464,
,,,,Person_465,
,,,,Person_466,
,,,,Person_467,
,,,,Person_468,
,,,,Person_469,
,,,,Person_470,
,,,,Person_471,
,,,,Person_472,
,,,,Person_473,
,,,,Person_474,
,,,,Person_475,
,,,,Person_476,
,,,,Person_477,
,,,,Person_478,
,,,,Person_479,
,,,,Person_480,
,,,,Person_481,
,,,,Person_482,
,,,,Person_483,
,,,,Person_484,
,,,,Person_485,
,,,,Person_486,
,,,,Person_487,
,,,,Person_488,
,,,,Person_489,
,,,,Person_490,
,,,,Person_491,
,,,,Person_492,
,,,,Person_493,
,,,,Person_494,
,,,,Person_495,
,,,,Person_496,
,,,,Person_497,
,,,,Person_498,
,,,,Person_499,
,,,,Person_500,
,,,,Person_501,
,,,,Person_502,
,,,,Person_503,
,,,,Person_504,
,,,,Person_505,
,,,,Person_506,
,,,,Person_507,
,,,,Person_508,
,,,,Person_509,
,,,,Person_510,
,,,,Person_511,
,,,,Person_512,
,,,,Person_513,
,,,,Person_514,
,,,,Person_515,
,,,,Person_516,
,,,,Person_517,
,,,,Person_518,
,,,,Person_519,
,,,,Person_520,
,,,,Person_521,
,,,,Person_522,
,,,,Person_523,
,,,,Person_524,
,,,,Person_525,
,,,,Person_526,
,,,,Person_527,
,,,,Person_528,
,,,,Person_529,
,,,,Person_530,
,,,,Person_531,
,,,,Person_532,
,,,,Person_533,
,,,,Person_534,
,,,,Person_535,
,,,,Person_536,
,,,,Person_537,
,,,,Person_538,
,,,,Person_539,
,,,,Person_540,
,,,,Person_541,
,,,,Person_542,
,,,,Person_543,
,,,,Person_544,
,,,,Person_545,
,,,,Person_546,
,,,,Person_547,
,,,,Person_548,
,,,,Person_549,
,,,,Person_550,
,,,,Person_551,
,,,,Person_552,
,,,,Person_553,
,,,,Person_554,
,,,,Person_555,
,,,,Person_556,
,,,,Person_557,
,,,,Person_558,
,,,,Person_559,
,,,,Person_560,
,,,,Person_561,
,,,,Person_562,
,,,,Person_563,
,,,,Person_564,
,,,,Person_565,
,,,,Person_566,
,,,,Person_567,
,,,,Person_568,
,,,,Person_569,
,,,,Person_570,
,,,,Person_571,
,,,,Person_572,
,,,,Person_573,
,,,,Person_574,
,,,,Person_575,
,,,,Person_576,
,,,,Person_577,
,,,,Person_578,
,,,,Person_579,
,,,,Person_580,
,,,,Person_581,
,,,,Person_582,
,,,,Person_583,
,,,,Person_584,
,,,,Person_585,
,,,,Person_586,
,,,,Person_587,
,,,,Person_588,
,,,,Person_589,
,,,,Person_590,
,,,,Person_591,
,,,,Person_592,
,,,,Person_593,
,,,,Person_594,
,,,,Person_595,
,,,,Person_596,
,,,,Person_597,
,,,,Person_598,
,,,,Person_599,
,,,,Person_600,
,,,,Person_601,
,,,,Person_602,
,,,,Person_603,
,,,,Person_604,
,,,,Person_605,
,,,,Person_606,
,,,,Person_607,
,,,,Person_608,
,,,,Person_609,
,,,,Person_610,
,,,,Person_611,
,,,,Person_612,
,,,,Person_613,
,,,,Person_614,
,,,,Person_615,
,,,,Person_616,
,,,,Person_617,
,,,,Person_618,
,,,,Person_619,
,,,,Person_620,
,,,,Person_621,
,,,,Person_622,
,,,,Person_623,
,,,,Person_624,
,,,,Person_625,
,,,,Person_626,
,,,,Person_627,
,,,,Person_628,
,,,,Person_629,
,,,,Person_630,
,,,,Person_631,
,,,,Person_632,
,,,,Person_633,
,,,,Person_634,
,,,,Person_635,
,,,,Person_636,
,,,,Person_637,
,,,,Person_638,
,,,,Person_639,
,,,,Person_640,
,,,,Person_641,
,,,,Person_642,
,,,,Person_643,
,,,,Person_644,
,,,,Person_645,
,,,,Person_646,
,,,,Person_647,
,,,,Person_648,
,,,,Person_649,
,,,,Person_650,
,,,,Person_651,
,,,,Person_652,
,,,,Person_653,
,,,,Person_654,
,,,,Person_655,
,,,,Person_656,
,,,,Person_657,
,,,,Person_658,
,,,,Person_659,
,,,,Person_660,
,,,,Person_661,
,,,,Person_662,
,,,,Person_663,
,,,,Person_664,
,,,,Person_665,
,,,,Person_666,
,,,,Person_667,
,,,,Person_668,
,,,,Person_669,
,,,,Person_670,
,,,,Person_671,
,,,,Person_672,
,,,,Person_673,
,,,,Person_674,
,,,,Person_675,
,,,,Person_676,
,,,,Person_677,
,,,,Person_678,
,,,,Person_679,
,,,,Person_680,
,,,,Person_681,
,,,,Person_682,
,,,,Person_683,
,,,,Person_684,
,,,,Person_685,
,,,,Person_686,
,,,,Person_687,
,,,,Person_688,
,,,,Person_689,
,,,,Person_690,
,,,,Person_691,
,,,,Person_692,
,,,,Person_693,
,,,,Person_694,
,,,,Person_695,
,,,,Person_696,
,,,,Person_697,
,,,,Person_698,
,,,,Person_699,
,,,,Person_700,
,,,,Person_701,
,,,,Person_702,
,,,,Person_703,
,,,,Person_704,
,,,,Person_705,
,,,,Person_706,
,,,,Person_707,
,,,,Person_708,
,,,,Person_709,
,,,,Person_710,
,,,,Person_711,
,,,,Person_712,
,,,,Person_713,
,,,,Person_714,
,,,,Person_715,
,,,,Person_716,
,,,,Person_717,
,,,,Person_718,
,,,,Person_719,
,,,,Person_720,
,,,,Person_721,
,,,,Person_722,
,,,,Person_723,
,,,,Person_724,
,,,,Person_725,
,,,,Person_726,
,,,,Person_727,
,,,,Person_728,
,,,,Person_729,
,,,,Person_730,
,,,,Person_731,
,,,,Person_732,
,,,,Person_733,
,,,,Person_734,
,,,,Person_735,
,,,,Person_736,
,,,,Person_737,
,,,,Person_738,
,,,,Person_739,
,,,,Person_740,
,,,,Person_741,
,,,,Person_742,
,,,,Person_743,
,,,,Person_744,
,,,,Person_745,
,,,,Person_746,
,,,,Person_747,
,,,,Person_748,
,,,,Person_749,
,,,,Person_750,
,,,,Person_751,
,,,,Person_752,
,,,,Person_753,
,,,,Person_754,
,,,,Person_755,
,,,,Person_756,
,,,,Person_757,
,,,,Person_758,
,,,,Person_759,
,,,,Person_760,
,,,,Person_761,
,,,,Person_762,
,,,,Person_763,
,,,,Person_764,
,,,,Person_765,
,,,,Person_766,
,,,,Person_767,
,,,,Person_768,
,,,,Person_769,
,,,,Person_770,
,,,,Person_771,
,,,,Person_772,
,,,,Person_773,
,,,,Person_774,
,,,,Person_775,
,,,,Person_776,